event_id,customer_id,event_type,timestamp
1,51,view_product,2024-10-22 13:17:51.881465
2,180,login,2025-03-12 13:17:51.881474
3,56,add_to_cart,2024-09-20 13:17:51.881478
4,47,login,2025-06-05 13:17:51.881481
5,137,login,2024-03-15 13:17:51.881484
6,53,login,2024-12-02 13:17:51.881487
7,26,login,2024-06-02 13:17:51.881490
8,186,purchase,2025-10-10 13:17:51.881493
9,169,purchase,2024-02-06 13:17:51.881496
10,93,logout,2024-05-12 13:17:51.881499
11,22,add_to_cart,2025-04-01 13:17:51.881502
12,68,purchase,2024-07-17 13:17:51.881505
13,78,add_to_cart,2024-02-18 13:17:51.881508
14,138,logout,2024-02-07 13:17:51.881511
15,41,add_to_cart,2024-08-05 13:17:51.881514
16,199,purchase,2024-11-25 13:17:51.881517
17,12,view_product,2025-08-28 13:17:51.881521
18,23,logout,2024-01-02 13:17:51.881524
19,145,logout,2025-07-02 13:17:51.881527
20,55,add_to_cart,2024-08-03 13:17:51.881530
21,110,login,2025-03-20 13:17:51.881533
22,181,add_to_cart,2025-10-31 13:17:51.881536
23,31,logout,2025-04-04 13:17:51.881538
24,18,add_to_cart,2024-08-13 13:17:51.881541
25,107,purchase,2025-01-20 13:17:51.881544
26,135,purchase,2025-09-11 13:17:51.881547
27,37,add_to_cart,2024-10-30 13:17:51.881550
28,26,login,2024-08-02 13:17:51.881553
29,191,view_product,2024-02-19 13:17:51.881556
30,140,add_to_cart,2025-06-28 13:17:51.881559
31,197,view_product,2024-04-13 13:17:51.881562
32,115,add_to_cart,2024-08-24 13:17:51.881564
33,138,view_product,2025-03-04 13:17:51.881567
34,158,add_to_cart,2025-01-10 13:17:51.881570
35,27,add_to_cart,2025-04-14 13:17:51.881573
36,19,add_to_cart,2025-02-08 13:17:51.881576
37,23,login,2024-01-24 13:17:51.881579
38,7,add_to_cart,2024-01-01 13:17:51.881582
39,164,purchase,2024-08-18 13:17:51.881585
40,111,login,2025-09-14 13:17:51.881587
41,200,logout,2025-09-29 13:17:51.881590
42,103,purchase,2024-02-07 13:17:51.881593
43,147,purchase,2024-09-29 13:17:51.881596
44,71,view_product,2025-07-20 13:17:51.881599
45,175,logout,2025-10-01 13:17:51.881602
46,70,add_to_cart,2025-11-20 13:17:51.881605
47,79,purchase,2024-12-13 13:17:51.881608
48,154,add_to_cart,2025-11-08 13:17:51.881610
49,26,logout,2025-04-02 13:17:51.881613
50,17,logout,2025-02-06 13:17:51.881616
51,112,logout,2025-01-16 13:17:51.881619
52,8,add_to_cart,2024-07-25 13:17:51.881622
53,21,login,2025-04-02 13:17:51.881625
54,198,view_product,2024-02-28 13:17:51.881627
55,112,login,2024-04-02 13:17:51.881630
56,100,add_to_cart,2025-05-30 13:17:51.881633
57,154,login,2025-11-27 13:17:51.881636
58,193,purchase,2025-05-01 13:17:51.881639
59,71,add_to_cart,2025-02-26 13:17:51.881641
60,122,purchase,2024-07-27 13:17:51.881644
61,141,view_product,2025-03-27 13:17:51.881647
62,26,purchase,2024-08-17 13:17:51.881650
63,183,add_to_cart,2025-06-19 13:17:51.881653
64,201,logout,2024-07-20 13:17:51.881656
65,177,add_to_cart,2024-04-19 13:17:51.881659
66,136,purchase,2024-11-28 13:17:51.881662
67,6,view_product,2025-03-27 13:17:51.881665
68,146,add_to_cart,2025-10-21 13:17:51.881667
69,148,logout,2025-02-11 13:17:51.881670
70,29,login,2024-09-02 13:17:51.881673
71,80,login,2025-02-11 13:17:51.881676
72,27,add_to_cart,2024-11-07 13:17:51.881679
73,42,logout,2024-09-24 13:17:51.881682
74,131,logout,2025-12-02 13:17:51.881685
75,4,login,2024-11-27 13:17:51.881688
76,187,view_product,2024-01-30 13:17:51.881690
77,98,login,2025-10-01 13:17:51.881694
78,112,logout,2024-09-19 13:17:51.881696
79,158,view_product,2025-06-14 13:17:51.881699
80,20,purchase,2025-05-15 13:17:51.881702
81,51,logout,2024-12-06 13:17:51.881705
82,29,view_product,2025-01-07 13:17:51.881708
83,200,add_to_cart,2024-12-24 13:17:51.881710
84,1,logout,2025-10-29 13:17:51.881713
85,140,login,2025-11-19 13:17:51.881716
86,40,login,2024-07-02 13:17:51.881719
87,96,view_product,2024-01-23 13:17:51.881722
88,170,logout,2024-12-23 13:17:51.881724
89,161,add_to_cart,2024-07-13 13:17:51.881727
90,159,logout,2025-10-08 13:17:51.881730
91,163,view_product,2025-03-31 13:17:51.881733
92,90,logout,2025-01-27 13:17:51.881736
93,178,purchase,2024-07-21 13:17:51.881739
94,11,view_product,2025-05-07 13:17:51.881742
95,50,add_to_cart,2025-11-10 13:17:51.881745
96,72,login,2024-07-18 13:17:51.881748
97,178,view_product,2024-08-24 13:17:51.881751
98,83,view_product,2025-03-07 13:17:51.881753
99,35,purchase,2024-10-16 13:17:51.881756
100,192,purchase,2024-02-07 13:17:51.881759
101,39,logout,2025-08-02 13:17:51.881762
102,52,logout,2024-03-23 13:17:51.881765
103,59,logout,2024-03-17 13:17:51.881768
104,94,login,2024-01-16 13:17:51.881771
105,86,logout,2024-09-06 13:17:51.881773
106,27,add_to_cart,2025-07-24 13:17:51.881776
107,45,view_product,2025-07-28 13:17:51.881779
108,155,purchase,2024-12-02 13:17:51.881782
109,26,view_product,2025-02-12 13:17:51.881785
110,191,view_product,2024-12-30 13:17:51.881788
111,48,view_product,2025-05-23 13:17:51.881791
112,170,view_product,2025-04-13 13:17:51.881794
113,138,purchase,2025-05-29 13:17:51.881797
114,107,purchase,2025-01-26 13:17:51.881799
115,119,purchase,2024-10-24 13:17:51.881802
116,37,add_to_cart,2024-12-26 13:17:51.881805
117,174,view_product,2024-12-25 13:17:51.881808
118,20,login,2025-02-24 13:17:51.881811
119,166,login,2024-06-19 13:17:51.881814
120,152,login,2025-03-20 13:17:51.881817
121,93,add_to_cart,2024-05-29 13:17:51.881820
122,123,add_to_cart,2024-10-17 13:17:51.881822
123,83,add_to_cart,2025-05-31 13:17:51.881825
124,74,login,2024-05-02 13:17:51.881828
125,86,add_to_cart,2024-11-10 13:17:51.881831
126,108,logout,2025-09-24 13:17:51.881834
127,189,add_to_cart,2024-11-19 13:17:51.881836
128,177,purchase,2025-03-18 13:17:51.881839
129,108,logout,2025-01-10 13:17:51.881842
130,8,add_to_cart,2025-11-16 13:17:51.881845
131,27,add_to_cart,2025-01-21 13:17:51.881848
132,65,login,2025-11-06 13:17:51.881851
133,92,add_to_cart,2025-01-24 13:17:51.881853
134,89,login,2025-07-03 13:17:51.881856
135,68,add_to_cart,2024-11-24 13:17:51.881859
136,177,add_to_cart,2024-02-02 13:17:51.881862
137,149,view_product,2024-04-14 13:17:51.881865
138,120,logout,2024-01-03 13:17:51.881868
139,102,purchase,2024-06-07 13:17:51.881871
140,192,logout,2025-11-25 13:17:51.881874
141,180,logout,2024-04-08 13:17:51.881877
142,102,view_product,2025-03-31 13:17:51.881880
143,150,add_to_cart,2024-11-11 13:17:51.881882
144,168,login,2025-11-11 13:17:51.881885
145,27,purchase,2024-03-22 13:17:51.881888
146,95,login,2025-11-15 13:17:51.881891
147,6,add_to_cart,2025-06-21 13:17:51.881894
148,142,login,2025-03-08 13:17:51.881897
149,91,logout,2024-08-01 13:17:51.881899
150,147,purchase,2024-05-23 13:17:51.881902
151,197,login,2025-11-16 13:17:51.881905
152,1,purchase,2025-02-18 13:17:51.881908
153,146,logout,2025-11-17 13:17:51.881911
154,93,purchase,2024-09-23 13:17:51.881914
155,145,purchase,2024-02-21 13:17:51.881916
156,65,logout,2025-07-09 13:17:51.881919
157,106,view_product,2025-10-19 13:17:51.881922
158,89,logout,2024-01-27 13:17:51.881925
159,116,login,2025-02-14 13:17:51.881927
160,149,login,2024-11-09 13:17:51.881930
161,153,login,2025-11-20 13:17:51.881933
162,86,login,2025-03-18 13:17:51.881936
163,154,view_product,2024-11-12 13:17:51.881939
164,121,login,2025-08-28 13:17:51.881942
165,70,purchase,2024-08-24 13:17:51.881945
166,180,logout,2024-12-14 13:17:51.881947
167,193,logout,2025-02-08 13:17:51.881950
168,99,logout,2024-01-05 13:17:51.881953
169,9,logout,2024-08-14 13:17:51.881956
170,196,purchase,2024-08-03 13:17:51.881958
171,24,login,2025-06-30 13:17:51.881961
172,146,login,2023-12-29 13:17:51.881964
173,113,add_to_cart,2024-10-30 13:17:51.881967
174,51,add_to_cart,2025-03-27 13:17:51.881970
175,66,logout,2025-04-30 13:17:51.881973
176,197,view_product,2025-03-07 13:17:51.881975
177,42,login,2024-12-04 13:17:51.881978
178,113,login,2025-11-24 13:17:51.881981
179,29,add_to_cart,2024-07-02 13:17:51.881984
180,34,logout,2025-03-02 13:17:51.881986
181,91,purchase,2025-01-16 13:17:51.881989
182,16,view_product,2024-11-27 13:17:51.881992
183,154,purchase,2024-08-30 13:17:51.881995
184,121,add_to_cart,2025-01-01 13:17:51.881998
185,191,purchase,2024-05-13 13:17:51.882000
186,139,add_to_cart,2024-05-16 13:17:51.882025
187,181,purchase,2024-09-28 13:17:51.882029
188,126,view_product,2024-11-15 13:17:51.882032
189,33,view_product,2025-01-14 13:17:51.882035
190,88,login,2024-12-03 13:17:51.882038
191,71,view_product,2025-01-09 13:17:51.882041
192,71,view_product,2025-04-01 13:17:51.882044
193,29,view_product,2025-09-05 13:17:51.882046
194,120,login,2024-05-06 13:17:51.882049
195,78,login,2025-03-30 13:17:51.882052
196,57,add_to_cart,2025-07-14 13:17:51.882055
197,181,add_to_cart,2024-04-12 13:17:51.882058
198,54,purchase,2024-03-02 13:17:51.882061
199,127,logout,2024-03-16 13:17:51.882063
200,188,add_to_cart,2025-06-22 13:17:51.882066
201,14,view_product,2024-11-20 13:17:51.882069
202,132,login,2025-01-05 13:17:51.882072
203,105,login,2024-05-02 13:17:51.882075
204,151,add_to_cart,2025-04-24 13:17:51.882078
205,84,purchase,2025-08-02 13:17:51.882081
206,29,purchase,2025-02-04 13:17:51.882083
207,2,login,2025-08-08 13:17:51.882086
208,123,add_to_cart,2025-08-01 13:17:51.882089
209,185,logout,2024-10-15 13:17:51.882092
210,77,view_product,2024-03-09 13:17:51.882095
211,181,view_product,2024-07-14 13:17:51.882097
212,38,view_product,2025-04-02 13:17:51.882100
213,12,add_to_cart,2024-03-19 13:17:51.882103
214,132,login,2024-02-14 13:17:51.882106
215,15,add_to_cart,2025-10-27 13:17:51.882109
216,22,logout,2024-12-06 13:17:51.882112
217,70,purchase,2024-03-15 13:17:51.882114
218,131,login,2024-01-12 13:17:51.882117
219,110,add_to_cart,2025-08-15 13:17:51.882120
220,158,purchase,2024-03-14 13:17:51.882123
221,85,view_product,2024-04-25 13:17:51.882126
222,43,logout,2025-04-06 13:17:51.882129
223,137,add_to_cart,2025-06-23 13:17:51.882132
224,66,add_to_cart,2025-08-28 13:17:51.882134
225,157,view_product,2024-05-01 13:17:51.882137
226,98,login,2025-07-02 13:17:51.882140
227,154,view_product,2024-11-25 13:17:51.882143
228,70,view_product,2024-05-23 13:17:51.882146
229,98,purchase,2024-04-08 13:17:51.882148
230,20,view_product,2025-09-02 13:17:51.882151
231,190,purchase,2025-03-08 13:17:51.882154
232,82,login,2025-03-26 13:17:51.882157
233,102,view_product,2024-06-01 13:17:51.882160
234,44,add_to_cart,2024-11-30 13:17:51.882162
235,10,purchase,2024-02-23 13:17:51.882165
236,100,add_to_cart,2025-07-08 13:17:51.882168
237,18,logout,2024-08-18 13:17:51.882171
238,153,login,2025-03-17 13:17:51.882174
239,175,view_product,2025-01-26 13:17:51.882177
240,171,logout,2024-12-09 13:17:51.882179
241,91,add_to_cart,2025-05-06 13:17:51.882182
242,169,view_product,2025-09-08 13:17:51.882185
243,155,login,2025-12-13 13:17:51.882188
244,121,login,2024-08-20 13:17:51.882191
245,187,view_product,2024-07-28 13:17:51.882194
246,130,view_product,2025-08-15 13:17:51.882197
247,199,view_product,2025-08-30 13:17:51.882200
248,25,logout,2024-01-29 13:17:51.882203
249,101,add_to_cart,2024-06-26 13:17:51.882205
250,117,login,2025-05-11 13:17:51.882208
251,115,purchase,2025-03-10 13:17:51.882211
252,82,view_product,2024-02-07 13:17:51.882214
253,173,logout,2024-11-18 13:17:51.882217
254,74,logout,2025-02-16 13:17:51.882219
255,3,view_product,2025-10-04 13:17:51.882222
256,62,view_product,2024-08-12 13:17:51.882225
257,98,logout,2024-11-12 13:17:51.882228
258,6,purchase,2025-02-04 13:17:51.882231
259,167,view_product,2025-03-06 13:17:51.882234
260,136,add_to_cart,2025-05-02 13:17:51.882236
261,41,login,2025-03-15 13:17:51.882239
262,114,logout,2024-10-21 13:17:51.882242
263,120,add_to_cart,2024-06-16 13:17:51.882245
264,178,add_to_cart,2025-02-02 13:17:51.882248
265,77,purchase,2024-05-20 13:17:51.882251
266,104,view_product,2024-01-30 13:17:51.882254
267,70,add_to_cart,2024-04-05 13:17:51.882257
268,109,logout,2024-05-12 13:17:51.882259
269,59,view_product,2025-07-06 13:17:51.882262
270,45,logout,2025-06-23 13:17:51.882265
271,43,purchase,2024-08-12 13:17:51.882268
272,151,logout,2025-09-13 13:17:51.882271
273,201,purchase,2024-12-26 13:17:51.882274
274,120,login,2024-10-04 13:17:51.882276
275,102,login,2024-07-31 13:17:51.882279
276,190,logout,2024-06-03 13:17:51.882282
277,182,add_to_cart,2024-12-21 13:17:51.882285
278,44,purchase,2024-01-29 13:17:51.882288
279,64,add_to_cart,2025-07-25 13:17:51.882291
280,19,purchase,2025-09-03 13:17:51.882293
281,172,add_to_cart,2024-09-26 13:17:51.882296
282,176,view_product,2024-04-04 13:17:51.882299
283,68,purchase,2023-12-27 13:17:51.882302
284,9,add_to_cart,2025-02-14 13:17:51.882305
285,69,purchase,2024-11-01 13:17:51.882308
286,156,add_to_cart,2025-07-22 13:17:51.882311
287,128,login,2025-05-08 13:17:51.882314
288,62,logout,2025-12-12 13:17:51.882316
289,183,login,2024-11-27 13:17:51.882319
290,113,purchase,2025-06-11 13:17:51.882322
291,19,purchase,2024-02-06 13:17:51.882325
292,70,view_product,2024-03-07 13:17:51.882328
293,63,logout,2024-04-14 13:17:51.882331
294,128,view_product,2024-02-03 13:17:51.882334
295,106,view_product,2025-01-31 13:17:51.882337
296,122,add_to_cart,2024-09-16 13:17:51.882340
297,188,purchase,2024-06-03 13:17:51.882342
298,112,add_to_cart,2025-10-06 13:17:51.882345
299,132,purchase,2024-06-17 13:17:51.882348
300,97,purchase,2025-08-22 13:17:51.882351
301,6,purchase,2024-01-04 13:17:51.882354
302,153,logout,2025-01-15 13:17:51.882357
303,67,logout,2025-06-26 13:17:51.882360
304,12,add_to_cart,2025-04-30 13:17:51.882362
305,182,logout,2024-03-05 13:17:51.882365
306,191,login,2024-08-22 13:17:51.882368
307,195,purchase,2025-08-18 13:17:51.882371
308,145,add_to_cart,2025-02-21 13:17:51.882373
309,86,login,2024-05-29 13:17:51.882376
310,103,login,2025-11-19 13:17:51.882379
311,98,logout,2024-05-09 13:17:51.882382
312,147,logout,2025-06-30 13:17:51.882385
313,182,add_to_cart,2025-05-22 13:17:51.882388
314,151,add_to_cart,2024-06-03 13:17:51.882391
315,98,view_product,2024-12-31 13:17:51.882393
316,37,login,2024-01-23 13:17:51.882396
317,88,login,2025-09-29 13:17:51.882399
318,191,logout,2025-05-05 13:17:51.882402
319,116,logout,2025-02-05 13:17:51.882405
320,97,purchase,2024-01-30 13:17:51.882407
321,97,add_to_cart,2025-01-21 13:17:51.882410
322,186,purchase,2025-04-24 13:17:51.882413
323,191,logout,2025-11-07 13:17:51.882416
324,184,view_product,2025-03-18 13:17:51.882418
325,56,purchase,2025-06-04 13:17:51.882421
326,196,add_to_cart,2024-02-10 13:17:51.882424
327,54,add_to_cart,2024-09-18 13:17:51.882427
328,61,view_product,2024-03-17 13:17:51.882430
329,152,add_to_cart,2025-09-11 13:17:51.882432
330,7,view_product,2025-02-05 13:17:51.882435
331,139,logout,2024-11-26 13:17:51.882438
332,26,logout,2024-07-20 13:17:51.882441
333,201,add_to_cart,2025-05-22 13:17:51.882444
334,190,view_product,2025-09-26 13:17:51.882447
335,92,login,2025-07-30 13:17:51.882449
336,176,purchase,2025-06-09 13:17:51.882452
337,4,login,2024-03-04 13:17:51.882455
338,175,view_product,2024-07-30 13:17:51.882458
339,31,add_to_cart,2024-04-29 13:17:51.882461
340,11,view_product,2024-05-24 13:17:51.882464
341,136,login,2024-08-16 13:17:51.882467
342,85,logout,2024-06-15 13:17:51.882470
343,169,view_product,2024-07-07 13:17:51.882473
344,169,view_product,2024-01-19 13:17:51.882476
345,136,view_product,2024-12-26 13:17:51.882479
346,25,login,2025-04-13 13:17:51.882482
347,56,login,2025-07-08 13:17:51.882484
348,135,add_to_cart,2025-04-03 13:17:51.882487
349,97,login,2025-07-15 13:17:51.882490
350,53,purchase,2025-03-27 13:17:51.882493
351,174,purchase,2025-01-30 13:17:51.882496
352,169,logout,2025-03-26 13:17:51.882499
353,42,add_to_cart,2025-07-06 13:17:51.882502
354,67,view_product,2025-11-15 13:17:51.882505
355,5,logout,2024-02-12 13:17:51.882508
356,111,purchase,2024-05-14 13:17:51.882510
357,44,logout,2024-04-29 13:17:51.882513
358,180,purchase,2024-01-21 13:17:51.882516
359,17,add_to_cart,2025-02-18 13:17:51.882519
360,165,add_to_cart,2025-07-22 13:17:51.882522
361,200,view_product,2023-12-15 13:17:51.882525
362,63,add_to_cart,2024-10-20 13:17:51.882528
363,151,purchase,2024-02-21 13:17:51.882531
364,165,login,2024-01-13 13:17:51.882533
365,179,login,2024-04-25 13:17:51.882536
366,9,view_product,2024-03-01 13:17:51.882539
367,18,view_product,2025-07-03 13:17:51.882553
368,47,login,2025-01-08 13:17:51.882557
369,97,view_product,2024-06-15 13:17:51.882560
370,89,add_to_cart,2024-06-06 13:17:51.882563
371,110,add_to_cart,2024-01-20 13:17:51.882566
372,61,purchase,2024-12-22 13:17:51.882569
373,132,add_to_cart,2024-11-15 13:17:51.882572
374,8,login,2024-08-31 13:17:51.882574
375,47,purchase,2024-02-02 13:17:51.882577
376,71,view_product,2025-05-05 13:17:51.882580
377,157,login,2024-03-20 13:17:51.882583
378,47,login,2025-03-17 13:17:51.882586
379,142,logout,2024-03-19 13:17:51.882589
380,15,login,2024-08-13 13:17:51.882591
381,152,purchase,2025-05-13 13:17:51.882594
382,75,purchase,2025-05-08 13:17:51.882597
383,62,login,2025-08-16 13:17:51.882600
384,23,login,2024-06-26 13:17:51.882603
385,14,login,2025-06-18 13:17:51.882606
386,9,login,2025-02-11 13:17:51.882609
387,113,purchase,2025-08-18 13:17:51.882611
388,185,logout,2024-04-06 13:17:51.882614
389,147,purchase,2024-08-08 13:17:51.882617
390,83,login,2024-06-15 13:17:51.882620
391,27,logout,2024-01-17 13:17:51.882623
392,122,add_to_cart,2025-01-26 13:17:51.882625
393,38,purchase,2024-03-10 13:17:51.882628
394,141,login,2024-05-02 13:17:51.882631
395,189,purchase,2024-03-12 13:17:51.882634
396,51,view_product,2024-02-27 13:17:51.882636
397,105,login,2024-06-27 13:17:51.882639
398,26,purchase,2024-02-29 13:17:51.882642
399,106,logout,2025-07-27 13:17:51.882645
400,156,purchase,2024-06-03 13:17:51.882648
401,29,add_to_cart,2025-10-22 13:17:51.882651
402,29,add_to_cart,2025-11-09 13:17:51.882654
403,192,logout,2024-06-21 13:17:51.882657
404,3,logout,2025-04-18 13:17:51.882659
405,101,view_product,2024-07-19 13:17:51.882662
406,45,purchase,2023-12-21 13:17:51.882665
407,30,add_to_cart,2024-05-23 13:17:51.882668
408,114,add_to_cart,2024-09-14 13:17:51.882671
409,2,login,2024-07-02 13:17:51.882674
410,114,add_to_cart,2025-07-11 13:17:51.882676
411,8,add_to_cart,2025-12-03 13:17:51.882679
412,192,view_product,2025-10-07 13:17:51.882682
413,161,purchase,2024-11-03 13:17:51.882685
414,150,view_product,2024-10-14 13:17:51.882688
415,78,purchase,2024-07-10 13:17:51.882691
416,136,purchase,2024-05-27 13:17:51.882694
417,70,add_to_cart,2025-01-08 13:17:51.882697
418,128,add_to_cart,2025-01-26 13:17:51.882700
419,63,login,2025-04-11 13:17:51.882703
420,108,add_to_cart,2025-01-01 13:17:51.882705
421,12,login,2025-10-20 13:17:51.882708
422,11,logout,2025-03-09 13:17:51.882711
423,67,add_to_cart,2024-11-01 13:17:51.882714
424,117,view_product,2024-02-06 13:17:51.882717
425,98,logout,2025-02-20 13:17:51.882720
426,59,logout,2025-09-06 13:17:51.882723
427,114,view_product,2025-04-27 13:17:51.882725
428,64,view_product,2025-05-06 13:17:51.882728
429,185,purchase,2025-07-06 13:17:51.882731
430,114,logout,2024-11-20 13:17:51.882734
431,31,view_product,2025-10-07 13:17:51.882737
432,59,view_product,2025-08-18 13:17:51.882740
433,102,purchase,2025-08-14 13:17:51.882743
434,173,logout,2024-03-17 13:17:51.882746
435,53,add_to_cart,2024-01-23 13:17:51.882749
436,148,add_to_cart,2024-03-18 13:17:51.882752
437,89,purchase,2024-03-31 13:17:51.882755
438,149,add_to_cart,2024-09-06 13:17:51.882757
439,181,add_to_cart,2025-06-29 13:17:51.882760
440,112,purchase,2024-03-25 13:17:51.882763
441,152,logout,2025-01-08 13:17:51.882766
442,152,add_to_cart,2024-06-08 13:17:51.882769
443,83,login,2024-09-22 13:17:51.882772
444,182,logout,2025-09-21 13:17:51.882775
445,121,login,2024-09-14 13:17:51.882778
446,158,logout,2025-08-29 13:17:51.882780
447,194,add_to_cart,2025-06-10 13:17:51.882783
448,173,purchase,2024-11-30 13:17:51.882786
449,176,view_product,2025-07-20 13:17:51.882789
450,7,view_product,2025-04-27 13:17:51.882792
451,15,logout,2025-12-07 13:17:51.882795
452,190,logout,2025-03-27 13:17:51.882798
453,5,purchase,2025-04-29 13:17:51.882800
454,3,login,2024-10-09 13:17:51.882803
455,110,logout,2024-04-18 13:17:51.882806
456,43,purchase,2025-11-17 13:17:51.882809
457,110,add_to_cart,2024-09-23 13:17:51.882812
458,91,logout,2024-02-15 13:17:51.882814
459,31,purchase,2024-07-05 13:17:51.882817
460,168,view_product,2024-08-22 13:17:51.882820
461,51,add_to_cart,2025-04-20 13:17:51.882823
462,76,add_to_cart,2024-10-11 13:17:51.882826
463,151,view_product,2025-04-06 13:17:51.882829
464,72,purchase,2024-03-01 13:17:51.882832
465,59,purchase,2024-02-11 13:17:51.882835
466,121,login,2025-05-02 13:17:51.882838
467,66,add_to_cart,2024-04-22 13:17:51.882840
468,146,logout,2025-08-11 13:17:51.882843
469,127,login,2024-01-03 13:17:51.882846
470,178,logout,2025-01-07 13:17:51.882849
471,191,view_product,2024-06-30 13:17:51.882851
472,13,login,2025-03-29 13:17:51.882855
473,2,add_to_cart,2024-04-15 13:17:51.882857
474,69,view_product,2024-05-20 13:17:51.882860
475,68,purchase,2025-01-20 13:17:51.882863
476,7,add_to_cart,2025-04-30 13:17:51.882866
477,22,login,2024-07-11 13:17:51.882869
478,53,add_to_cart,2025-09-12 13:17:51.882872
479,168,login,2024-09-20 13:17:51.882875
480,138,login,2024-07-29 13:17:51.882877
481,168,login,2023-12-18 13:17:51.882880
482,38,logout,2024-10-25 13:17:51.882883
483,185,login,2024-02-23 13:17:51.882886
484,148,logout,2025-07-04 13:17:51.882890
485,43,purchase,2025-05-16 13:17:51.882892
486,158,login,2024-01-08 13:17:51.882895
487,196,purchase,2025-03-24 13:17:51.882898
488,45,add_to_cart,2024-01-09 13:17:51.882901
489,151,add_to_cart,2024-05-20 13:17:51.882904
490,56,purchase,2025-10-30 13:17:51.882906
491,120,purchase,2024-09-09 13:17:51.882909
492,185,purchase,2025-11-24 13:17:51.882912
493,52,view_product,2024-04-16 13:17:51.882915
494,66,add_to_cart,2025-07-22 13:17:51.882918
495,119,purchase,2025-04-01 13:17:51.882921
496,158,logout,2024-06-10 13:17:51.882924
497,27,login,2024-06-28 13:17:51.882926
498,100,view_product,2025-04-15 13:17:51.882929
499,130,purchase,2025-05-15 13:17:51.882932
500,137,purchase,2024-07-04 13:17:51.882935
501,61,logout,2024-07-04 13:17:51.882938
502,90,view_product,2024-03-29 13:17:51.882940
503,84,purchase,2024-04-18 13:17:51.882944
504,125,purchase,2024-06-28 13:17:51.882946
505,114,add_to_cart,2025-01-29 13:17:51.882949
506,6,logout,2025-04-07 13:17:51.882952
507,137,view_product,2025-07-19 13:17:51.882955
508,126,purchase,2024-07-01 13:17:51.882958
509,130,logout,2025-05-09 13:17:51.882960
510,179,add_to_cart,2024-06-05 13:17:51.882963
511,41,logout,2025-06-10 13:17:51.882966
512,35,add_to_cart,2024-11-17 13:17:51.882969
513,126,purchase,2024-10-18 13:17:51.882972
514,109,logout,2025-06-15 13:17:51.882975
515,134,purchase,2025-12-13 13:17:51.882978
516,167,logout,2025-09-19 13:17:51.882981
517,80,login,2024-01-06 13:17:51.882984
518,2,login,2024-01-14 13:17:51.882987
519,146,add_to_cart,2024-07-06 13:17:51.882989
520,165,logout,2023-12-21 13:17:51.882992
521,29,add_to_cart,2025-03-03 13:17:51.882995
522,124,view_product,2024-11-22 13:17:51.882998
523,148,login,2024-04-16 13:17:51.883001
524,37,logout,2025-08-05 13:17:51.883003
525,94,add_to_cart,2025-01-31 13:17:51.883006
526,13,purchase,2024-02-26 13:17:51.883009
527,154,logout,2024-08-18 13:17:51.883012
528,161,logout,2024-12-12 13:17:51.883015
529,65,logout,2025-02-09 13:17:51.883017
530,14,view_product,2025-08-27 13:17:51.883020
531,198,logout,2024-08-19 13:17:51.883023
532,190,logout,2024-09-07 13:17:51.883026
533,8,logout,2025-01-15 13:17:51.883029
534,49,add_to_cart,2025-11-17 13:17:51.883032
535,66,logout,2024-11-28 13:17:51.883035
536,30,add_to_cart,2025-12-03 13:17:51.883037
537,124,purchase,2025-07-02 13:17:51.883040
538,33,logout,2024-12-29 13:17:51.883043
539,126,purchase,2024-07-11 13:17:51.883046
540,110,view_product,2025-12-07 13:17:51.883049
541,137,view_product,2025-06-09 13:17:51.883052
542,189,logout,2024-07-19 13:17:51.883055
543,46,purchase,2025-06-16 13:17:51.883057
544,174,view_product,2024-11-10 13:17:51.883060
545,63,purchase,2025-10-19 13:17:51.883063
546,86,view_product,2025-09-10 13:17:51.883066
547,188,add_to_cart,2025-02-08 13:17:51.883069
548,32,login,2025-03-05 13:17:51.883071
549,120,logout,2025-05-12 13:17:51.883074
550,156,view_product,2025-03-08 13:17:51.883087
551,54,purchase,2025-10-14 13:17:51.883091
552,193,logout,2024-03-10 13:17:51.883094
553,128,logout,2025-01-02 13:17:51.883097
554,102,view_product,2025-06-12 13:17:51.883100
555,136,purchase,2024-10-01 13:17:51.883103
556,194,logout,2024-03-17 13:17:51.883106
557,81,logout,2025-10-03 13:17:51.883108
558,41,purchase,2025-09-28 13:17:51.883111
559,104,view_product,2024-10-07 13:17:51.883114
560,131,login,2024-01-25 13:17:51.883117
561,123,view_product,2025-01-20 13:17:51.883120
562,109,view_product,2024-02-04 13:17:51.883123
563,97,logout,2025-11-29 13:17:51.883125
564,42,purchase,2025-12-13 13:17:51.883128
565,61,purchase,2024-02-03 13:17:51.883131
566,161,view_product,2025-06-19 13:17:51.883134
567,199,login,2025-08-18 13:17:51.883137
568,13,add_to_cart,2025-11-09 13:17:51.883139
569,3,add_to_cart,2025-09-06 13:17:51.883142
570,178,logout,2024-09-27 13:17:51.883145
571,187,login,2024-02-12 13:17:51.883148
572,93,add_to_cart,2025-02-04 13:17:51.883151
573,26,logout,2025-09-19 13:17:51.883153
574,10,purchase,2024-07-21 13:17:51.883156
575,21,logout,2025-06-14 13:17:51.883159
576,189,view_product,2025-04-17 13:17:51.883162
577,163,add_to_cart,2024-03-15 13:17:51.883165
578,187,add_to_cart,2025-07-30 13:17:51.883167
579,68,view_product,2024-05-16 13:17:51.883170
580,155,logout,2024-05-04 13:17:51.883175
581,18,add_to_cart,2024-07-12 13:17:51.883178
582,118,login,2024-11-13 13:17:51.883181
583,26,add_to_cart,2025-11-26 13:17:51.883184
584,71,purchase,2024-06-03 13:17:51.883187
585,30,purchase,2025-08-18 13:17:51.883190
586,118,purchase,2025-08-14 13:17:51.883193
587,57,login,2025-06-20 13:17:51.883196
588,15,login,2025-02-23 13:17:51.883198
589,91,purchase,2025-03-23 13:17:51.883201
590,142,purchase,2025-04-17 13:17:51.883204
591,178,logout,2025-09-08 13:17:51.883207
592,18,logout,2024-05-18 13:17:51.883210
593,166,purchase,2025-11-23 13:17:51.883212
594,181,logout,2025-10-23 13:17:51.883215
595,10,login,2024-10-08 13:17:51.883218
596,147,logout,2025-06-06 13:17:51.883221
597,107,login,2024-12-22 13:17:51.883224
598,100,logout,2025-03-13 13:17:51.883226
599,120,login,2024-02-16 13:17:51.883229
600,15,view_product,2025-01-31 13:17:51.883232
601,75,add_to_cart,2025-12-13 13:17:51.883235
602,49,logout,2025-07-16 13:17:51.883238
603,171,add_to_cart,2024-01-24 13:17:51.883240
604,110,view_product,2025-02-03 13:17:51.883243
605,83,add_to_cart,2025-04-16 13:17:51.883246
606,192,logout,2024-11-16 13:17:51.883249
607,21,login,2024-04-10 13:17:51.883251
608,195,purchase,2024-08-13 13:17:51.883254
609,69,add_to_cart,2025-09-05 13:17:51.883257
610,156,login,2024-04-20 13:17:51.883260
611,169,logout,2025-09-26 13:17:51.883263
612,44,logout,2025-05-18 13:17:51.883265
613,154,purchase,2024-03-10 13:17:51.883268
614,162,logout,2024-11-09 13:17:51.883271
615,137,purchase,2024-01-15 13:17:51.883274
616,41,purchase,2024-12-21 13:17:51.883277
617,37,purchase,2025-08-10 13:17:51.883280
618,134,logout,2025-03-22 13:17:51.883282
619,189,purchase,2024-10-03 13:17:51.883285
620,111,view_product,2025-10-10 13:17:51.883288
621,112,logout,2025-06-25 13:17:51.883291
622,90,add_to_cart,2024-09-23 13:17:51.883294
623,15,add_to_cart,2024-10-01 13:17:51.883296
624,106,purchase,2025-03-04 13:17:51.883299
625,34,logout,2025-02-23 13:17:51.883302
626,22,logout,2025-09-10 13:17:51.883305
627,34,add_to_cart,2025-12-04 13:17:51.883308
628,21,logout,2025-10-04 13:17:51.883311
629,34,view_product,2024-08-23 13:17:51.883314
630,78,purchase,2024-10-05 13:17:51.883317
631,129,view_product,2025-06-16 13:17:51.883319
632,30,login,2025-09-08 13:17:51.883322
633,90,add_to_cart,2025-05-10 13:17:51.883325
634,200,view_product,2024-03-10 13:17:51.883328
635,37,logout,2025-02-22 13:17:51.883331
636,147,view_product,2025-01-28 13:17:51.883334
637,171,add_to_cart,2024-08-11 13:17:51.883337
638,5,add_to_cart,2024-01-20 13:17:51.883340
639,95,purchase,2024-11-23 13:17:51.883342
640,89,login,2025-04-22 13:17:51.883345
641,53,view_product,2023-12-17 13:17:51.883348
642,165,purchase,2024-07-13 13:17:51.883351
643,71,purchase,2024-07-09 13:17:51.883354
644,140,purchase,2025-01-15 13:17:51.883357
645,161,login,2025-04-24 13:17:51.883360
646,126,logout,2024-12-09 13:17:51.883362
647,130,add_to_cart,2024-09-13 13:17:51.883365
648,83,login,2024-11-09 13:17:51.883368
649,179,view_product,2025-12-01 13:17:51.883371
650,79,login,2024-01-23 13:17:51.883374
651,166,view_product,2025-02-18 13:17:51.883376
652,148,add_to_cart,2024-07-21 13:17:51.883379
653,6,purchase,2025-07-20 13:17:51.883382
654,101,login,2025-11-26 13:17:51.883385
655,85,login,2025-09-25 13:17:51.883388
656,77,view_product,2025-03-23 13:17:51.883390
657,62,add_to_cart,2024-10-23 13:17:51.883393
658,59,login,2024-09-04 13:17:51.883396
659,140,login,2025-04-13 13:17:51.883399
660,104,purchase,2025-02-07 13:17:51.883402
661,138,login,2025-03-10 13:17:51.883405
662,163,logout,2023-12-31 13:17:51.883408
663,35,purchase,2025-10-20 13:17:51.883410
664,141,login,2024-07-13 13:17:51.883413
665,123,login,2025-04-26 13:17:51.883416
666,38,purchase,2024-04-14 13:17:51.883419
667,20,login,2025-11-08 13:17:51.883422
668,175,view_product,2024-04-01 13:17:51.883425
669,117,view_product,2025-07-28 13:17:51.883427
670,81,logout,2025-06-29 13:17:51.883430
671,29,login,2024-09-26 13:17:51.883433
672,45,add_to_cart,2024-07-25 13:17:51.883436
673,48,login,2024-12-12 13:17:51.883439
674,75,logout,2025-02-11 13:17:51.883442
675,197,add_to_cart,2024-10-05 13:17:51.883444
676,169,add_to_cart,2024-05-13 13:17:51.883447
677,184,purchase,2024-03-29 13:17:51.883450
678,200,logout,2025-12-10 13:17:51.883453
679,17,login,2024-04-25 13:17:51.883456
680,80,view_product,2025-05-25 13:17:51.883458
681,155,add_to_cart,2025-01-22 13:17:51.883461
682,70,view_product,2023-12-27 13:17:51.883464
683,46,add_to_cart,2024-04-05 13:17:51.883467
684,103,login,2025-07-02 13:17:51.883470
685,72,add_to_cart,2023-12-18 13:17:51.883473
686,6,view_product,2025-02-02 13:17:51.883475
687,160,view_product,2024-10-18 13:17:51.883478
688,49,view_product,2024-01-26 13:17:51.883481
689,132,logout,2025-03-22 13:17:51.883484
690,80,login,2024-09-21 13:17:51.883487
691,191,purchase,2025-08-16 13:17:51.883490
692,172,login,2025-04-28 13:17:51.883493
693,152,purchase,2024-10-16 13:17:51.883496
694,35,login,2024-05-12 13:17:51.883498
695,94,purchase,2024-10-04 13:17:51.883501
696,120,logout,2025-12-13 13:17:51.883504
697,68,purchase,2024-08-01 13:17:51.883506
698,42,login,2025-09-28 13:17:51.883509
699,36,logout,2024-08-13 13:17:51.883512
700,171,logout,2025-04-26 13:17:51.883515
701,170,logout,2024-08-26 13:17:51.883518
702,57,view_product,2024-06-25 13:17:51.883520
703,178,login,2025-09-15 13:17:51.883523
704,89,login,2024-09-09 13:17:51.883526
705,179,add_to_cart,2025-06-15 13:17:51.883529
706,2,add_to_cart,2023-12-14 13:17:51.883532
707,17,purchase,2024-10-20 13:17:51.883534
708,171,login,2024-09-20 13:17:51.883537
709,80,add_to_cart,2025-01-16 13:17:51.883540
710,187,purchase,2024-11-09 13:17:51.883543
711,199,add_to_cart,2025-06-01 13:17:51.883546
712,167,add_to_cart,2025-03-08 13:17:51.883549
713,150,purchase,2024-01-29 13:17:51.883552
714,64,purchase,2024-02-09 13:17:51.883555
715,106,purchase,2025-04-24 13:17:51.883558
716,190,view_product,2024-04-20 13:17:51.883561
717,177,logout,2024-09-17 13:17:51.883563
718,145,add_to_cart,2024-08-11 13:17:51.883566
719,135,login,2024-03-28 13:17:51.883569
720,188,logout,2024-10-14 13:17:51.883572
721,177,purchase,2025-01-30 13:17:51.883574
722,67,login,2024-04-17 13:17:51.883577
723,134,logout,2025-10-11 13:17:51.883580
724,124,purchase,2025-05-15 13:17:51.883583
725,98,logout,2024-04-30 13:17:51.883586
726,8,logout,2024-02-10 13:17:51.883589
727,148,purchase,2025-04-17 13:17:51.883592
728,52,purchase,2025-11-03 13:17:51.883594
729,128,view_product,2025-02-07 13:17:51.883597
730,65,logout,2024-03-02 13:17:51.883600
731,149,add_to_cart,2025-09-22 13:17:51.883603
732,86,add_to_cart,2024-07-10 13:17:51.883606
733,82,purchase,2024-12-29 13:17:51.883618
734,137,login,2024-09-13 13:17:51.883622
735,21,view_product,2024-09-08 13:17:51.883625
736,50,purchase,2024-01-07 13:17:51.883627
737,104,logout,2025-04-11 13:17:51.883630
738,147,view_product,2025-08-25 13:17:51.883633
739,109,add_to_cart,2025-10-08 13:17:51.883636
740,115,add_to_cart,2024-10-17 13:17:51.883639
741,81,add_to_cart,2025-04-18 13:17:51.883642
742,167,view_product,2024-12-23 13:17:51.883644
743,142,purchase,2025-02-13 13:17:51.883647
744,107,view_product,2024-11-08 13:17:51.883650
745,185,purchase,2024-08-13 13:17:51.883653
746,160,login,2025-11-06 13:17:51.883656
747,186,logout,2024-06-27 13:17:51.883659
748,95,login,2025-04-29 13:17:51.883661
749,185,purchase,2025-10-07 13:17:51.883664
750,86,logout,2025-01-18 13:17:51.883667
751,64,add_to_cart,2023-12-17 13:17:51.883670
752,140,view_product,2024-07-06 13:17:51.883673
753,186,add_to_cart,2024-08-18 13:17:51.883676
754,172,logout,2024-07-31 13:17:51.883679
755,43,add_to_cart,2024-02-08 13:17:51.883682
756,183,login,2024-10-31 13:17:51.883685
757,134,purchase,2024-03-12 13:17:51.883687
758,155,login,2024-11-11 13:17:51.883690
759,101,view_product,2024-04-27 13:17:51.883693
760,198,purchase,2024-05-06 13:17:51.883696
761,34,purchase,2024-01-17 13:17:51.883699
762,142,add_to_cart,2025-06-04 13:17:51.883702
763,107,logout,2024-11-30 13:17:51.883705
764,180,login,2025-01-04 13:17:51.883708
765,69,purchase,2024-06-11 13:17:51.883711
766,66,login,2025-07-07 13:17:51.883713
767,150,purchase,2024-10-25 13:17:51.883716
768,126,add_to_cart,2025-05-31 13:17:51.883719
769,45,add_to_cart,2024-12-31 13:17:51.883722
770,66,purchase,2024-03-21 13:17:51.883725
771,70,login,2025-04-04 13:17:51.883727
772,47,add_to_cart,2024-02-04 13:17:51.883730
773,153,login,2025-11-21 13:17:51.883733
774,19,add_to_cart,2025-07-31 13:17:51.883736
775,189,add_to_cart,2025-10-22 13:17:51.883738
776,25,login,2024-09-04 13:17:51.883741
777,7,logout,2024-07-11 13:17:51.883744
778,65,login,2023-12-22 13:17:51.883747
779,179,purchase,2024-02-28 13:17:51.883750
780,90,login,2025-11-19 13:17:51.883753
781,135,add_to_cart,2024-08-28 13:17:51.883755
782,15,view_product,2024-06-28 13:17:51.883758
783,75,purchase,2024-08-12 13:17:51.883761
784,30,purchase,2025-08-01 13:17:51.883764
785,42,view_product,2024-02-04 13:17:51.883767
786,144,view_product,2025-10-06 13:17:51.883770
787,111,logout,2025-04-22 13:17:51.883773
788,183,purchase,2024-05-25 13:17:51.883775
789,17,view_product,2025-05-30 13:17:51.883778
790,139,add_to_cart,2025-12-02 13:17:51.883781
791,104,add_to_cart,2024-02-10 13:17:51.883784
792,82,purchase,2025-03-25 13:17:51.883786
793,105,login,2025-07-31 13:17:51.883789
794,109,add_to_cart,2025-01-01 13:17:51.883792
795,169,logout,2025-06-29 13:17:51.883795
796,25,login,2024-02-26 13:17:51.883798
797,198,logout,2025-03-16 13:17:51.883801
798,140,view_product,2024-02-17 13:17:51.883803
799,144,purchase,2024-05-21 13:17:51.883806
800,9,logout,2024-12-07 13:17:51.883809
801,185,add_to_cart,2023-12-30 13:17:51.883812
802,3,add_to_cart,2025-09-24 13:17:51.883815
803,108,view_product,2024-01-10 13:17:51.883818
804,26,add_to_cart,2025-04-27 13:17:51.883821
805,145,logout,2024-08-13 13:17:51.883824
806,48,view_product,2024-09-13 13:17:51.883826
807,79,purchase,2024-07-29 13:17:51.883829
808,25,view_product,2025-01-05 13:17:51.883832
809,21,login,2024-12-26 13:17:51.883835
810,61,logout,2025-03-09 13:17:51.883838
811,33,view_product,2023-12-25 13:17:51.883841
812,80,purchase,2024-03-08 13:17:51.883844
813,97,purchase,2024-07-19 13:17:51.883846
814,68,logout,2025-03-14 13:17:51.883849
815,118,purchase,2025-09-27 13:17:51.883852
816,86,login,2024-09-27 13:17:51.883855
817,23,login,2025-10-03 13:17:51.883857
818,153,view_product,2024-10-21 13:17:51.883860
819,64,view_product,2024-12-10 13:17:51.883863
820,91,purchase,2025-04-25 13:17:51.883866
821,38,purchase,2024-06-23 13:17:51.883869
822,116,add_to_cart,2024-06-14 13:17:51.883871
823,44,view_product,2024-08-28 13:17:51.883874
824,50,add_to_cart,2025-08-12 13:17:51.883877
825,114,login,2024-06-13 13:17:51.883880
826,185,view_product,2025-10-14 13:17:51.883883
827,34,login,2025-02-13 13:17:51.883885
828,167,add_to_cart,2024-09-26 13:17:51.883888
829,147,add_to_cart,2025-10-16 13:17:51.883891
830,19,logout,2024-07-08 13:17:51.883894
831,137,login,2024-08-10 13:17:51.883896
832,90,add_to_cart,2025-08-06 13:17:51.883899
833,112,logout,2024-03-02 13:17:51.883902
834,44,purchase,2025-08-27 13:17:51.883905
835,125,view_product,2024-02-04 13:17:51.883908
836,105,add_to_cart,2024-03-23 13:17:51.883911
837,167,view_product,2024-12-21 13:17:51.883913
838,54,add_to_cart,2025-11-16 13:17:51.883916
839,163,logout,2024-07-08 13:17:51.883919
840,149,add_to_cart,2024-07-27 13:17:51.883922
841,159,logout,2024-07-25 13:17:51.883925
842,20,login,2025-05-12 13:17:51.883928
843,155,login,2025-01-29 13:17:51.883930
844,38,add_to_cart,2024-09-15 13:17:51.883933
845,85,purchase,2025-01-01 13:17:51.883936
846,152,login,2024-12-30 13:17:51.883939
847,180,view_product,2024-02-24 13:17:51.883942
848,38,add_to_cart,2025-10-29 13:17:51.883945
849,199,logout,2024-01-28 13:17:51.883947
850,15,login,2024-07-24 13:17:51.883950
851,92,logout,2025-01-23 13:17:51.883953
852,101,purchase,2025-11-21 13:17:51.883955
853,161,purchase,2025-03-19 13:17:51.883958
854,97,logout,2024-05-31 13:17:51.883961
855,117,add_to_cart,2024-08-23 13:17:51.883964
856,89,logout,2025-10-02 13:17:51.883967
857,192,view_product,2024-05-28 13:17:51.883970
858,199,purchase,2025-09-15 13:17:51.883972
859,62,add_to_cart,2024-12-10 13:17:51.883975
860,3,add_to_cart,2025-12-13 13:17:51.883978
861,133,purchase,2025-06-12 13:17:51.883981
862,82,login,2025-11-20 13:17:51.883984
863,181,login,2025-07-28 13:17:51.883987
864,151,login,2024-05-23 13:17:51.883989
865,140,logout,2024-11-13 13:17:51.883992
866,174,add_to_cart,2024-03-11 13:17:51.883995
867,68,add_to_cart,2024-05-02 13:17:51.883998
868,103,view_product,2024-01-26 13:17:51.884001
869,140,add_to_cart,2025-09-14 13:17:51.884004
870,26,view_product,2025-07-04 13:17:51.884006
871,59,add_to_cart,2024-11-08 13:17:51.884009
872,135,view_product,2024-06-11 13:17:51.884012
873,79,view_product,2025-02-23 13:17:51.884015
874,138,logout,2025-07-17 13:17:51.884018
875,70,purchase,2024-04-27 13:17:51.884021
876,108,login,2024-04-26 13:17:51.884024
877,20,logout,2024-04-24 13:17:51.884026
878,22,login,2024-06-23 13:17:51.884029
879,6,purchase,2024-11-08 13:17:51.884032
880,139,logout,2024-06-29 13:17:51.884035
881,133,logout,2025-06-24 13:17:51.884038
882,177,view_product,2024-01-19 13:17:51.884041
883,4,purchase,2024-03-27 13:17:51.884043
884,172,logout,2024-04-04 13:17:51.884046
885,88,view_product,2024-09-21 13:17:51.884049
886,86,add_to_cart,2025-02-20 13:17:51.884052
887,100,view_product,2024-06-02 13:17:51.884055
888,111,view_product,2024-11-14 13:17:51.884058
889,182,logout,2024-08-29 13:17:51.884060
890,51,login,2025-07-15 13:17:51.884063
891,113,logout,2024-03-20 13:17:51.884066
892,125,view_product,2025-05-30 13:17:51.884069
893,86,add_to_cart,2024-10-25 13:17:51.884071
894,26,logout,2025-04-21 13:17:51.884074
895,12,logout,2025-07-28 13:17:51.884077
896,115,logout,2025-10-03 13:17:51.884080
897,162,login,2025-10-25 13:17:51.884083
898,96,login,2025-08-07 13:17:51.884085
899,81,logout,2023-12-30 13:17:51.884088
900,189,add_to_cart,2025-06-25 13:17:51.884091
901,79,purchase,2024-01-05 13:17:51.884094
902,60,add_to_cart,2024-06-16 13:17:51.884097
903,128,logout,2024-10-28 13:17:51.884099
904,111,login,2024-06-29 13:17:51.884102
905,129,view_product,2025-06-08 13:17:51.884105
906,56,logout,2024-12-20 13:17:51.884108
907,27,add_to_cart,2025-05-13 13:17:51.884111
908,91,view_product,2024-11-22 13:17:51.884114
909,60,purchase,2025-05-01 13:17:51.884116
910,20,login,2025-02-05 13:17:51.884119
911,163,login,2024-01-06 13:17:51.884122
912,19,add_to_cart,2024-02-16 13:17:51.884125
913,72,logout,2024-05-04 13:17:51.884128
914,18,login,2024-08-11 13:17:51.884130
915,151,logout,2024-05-29 13:17:51.884143
916,121,login,2024-05-15 13:17:51.884147
917,102,purchase,2024-07-19 13:17:51.884150
918,193,login,2024-11-03 13:17:51.884152
919,39,logout,2025-09-05 13:17:51.884155
920,12,add_to_cart,2024-03-26 13:17:51.884158
921,79,add_to_cart,2025-03-29 13:17:51.884161
922,132,add_to_cart,2024-02-12 13:17:51.884164
923,159,purchase,2024-02-08 13:17:51.884167
924,6,add_to_cart,2024-09-13 13:17:51.884169
925,80,add_to_cart,2025-07-18 13:17:51.884172
926,199,purchase,2024-08-19 13:17:51.884175
927,104,logout,2024-11-02 13:17:51.884178
928,132,view_product,2023-12-19 13:17:51.884181
929,112,purchase,2024-08-17 13:17:51.884183
930,74,purchase,2024-09-20 13:17:51.884186
931,148,view_product,2025-10-27 13:17:51.884189
932,141,login,2024-09-03 13:17:51.884192
933,165,purchase,2025-01-30 13:17:51.884195
934,107,add_to_cart,2025-02-16 13:17:51.884197
935,9,add_to_cart,2024-10-16 13:17:51.884200
936,184,view_product,2025-03-27 13:17:51.884203
937,106,purchase,2025-12-03 13:17:51.884206
938,90,logout,2024-06-17 13:17:51.884209
939,119,purchase,2025-08-23 13:17:51.884211
940,185,logout,2025-09-15 13:17:51.884214
941,169,purchase,2025-05-15 13:17:51.884217
942,199,login,2025-04-04 13:17:51.884219
943,77,purchase,2025-05-09 13:17:51.884222
944,10,purchase,2024-01-27 13:17:51.884225
945,130,logout,2024-10-26 13:17:51.884228
946,55,logout,2025-10-28 13:17:51.884230
947,53,purchase,2024-10-25 13:17:51.884233
948,119,logout,2025-05-23 13:17:51.884236
949,136,view_product,2024-07-27 13:17:51.884239
950,55,purchase,2024-09-21 13:17:51.884242
951,152,view_product,2025-07-24 13:17:51.884244
952,40,login,2024-07-26 13:17:51.884247
953,56,add_to_cart,2025-05-05 13:17:51.884250
954,138,add_to_cart,2025-09-16 13:17:51.884253
955,124,add_to_cart,2024-03-16 13:17:51.884256
956,123,view_product,2024-10-24 13:17:51.884259
957,37,login,2025-11-12 13:17:51.884261
958,191,view_product,2025-09-29 13:17:51.884264
959,27,login,2025-10-25 13:17:51.884267
960,126,login,2024-05-17 13:17:51.884270
961,142,add_to_cart,2024-03-27 13:17:51.884272
962,59,view_product,2025-01-17 13:17:51.884275
963,200,add_to_cart,2023-12-30 13:17:51.884278
964,152,logout,2024-07-27 13:17:51.884281
965,39,view_product,2024-06-03 13:17:51.884284
966,94,logout,2025-08-16 13:17:51.884286
967,83,logout,2025-03-31 13:17:51.884289
968,172,login,2024-06-20 13:17:51.884292
969,110,logout,2025-10-24 13:17:51.884295
970,130,logout,2025-05-19 13:17:51.884298
971,118,logout,2025-01-09 13:17:51.884301
972,130,view_product,2025-11-27 13:17:51.884303
973,196,logout,2025-06-16 13:17:51.884306
974,54,view_product,2025-08-19 13:17:51.884309
975,13,logout,2025-03-12 13:17:51.884312
976,126,logout,2025-01-04 13:17:51.884314
977,122,add_to_cart,2024-03-16 13:17:51.884317
978,78,purchase,2024-06-15 13:17:51.884320
979,169,login,2024-08-14 13:17:51.884323
980,186,add_to_cart,2025-05-29 13:17:51.884326
981,81,login,2025-06-28 13:17:51.884329
982,57,login,2025-01-31 13:17:51.884331
983,34,add_to_cart,2024-04-24 13:17:51.884334
984,35,purchase,2024-07-15 13:17:51.884337
985,57,view_product,2025-02-05 13:17:51.884340
986,13,purchase,2025-04-22 13:17:51.884343
987,188,login,2025-11-10 13:17:51.884345
988,52,login,2025-01-07 13:17:51.884348
989,83,add_to_cart,2024-05-24 13:17:51.884351
990,95,add_to_cart,2024-12-08 13:17:51.884354
991,193,purchase,2024-11-19 13:17:51.884357
992,76,add_to_cart,2025-03-06 13:17:51.884359
993,148,login,2024-09-18 13:17:51.884362
994,80,add_to_cart,2025-03-26 13:17:51.884365
995,175,view_product,2025-11-11 13:17:51.884368
996,158,purchase,2024-05-13 13:17:51.884371
997,108,login,2025-02-16 13:17:51.884373
998,183,logout,2024-11-30 13:17:51.884376
999,64,add_to_cart,2023-12-24 13:17:51.884379
1000,119,purchase,2025-07-18 13:17:51.884382
